"","tgfb_perc","ctrl_perc"
"ACTA2",66.6666666666667,0
"ADAMTS1",33.3333333333333,0
"ATP6AP1",0,0
"B2M",0,33.3333333333333
"BGN",100,66.6666666666667
"BHLHE40",0,0
"CAV1",0,0
"CDKN2A",0,0
"CDKN2B",0,0
"COL1A1",100,33.3333333333333
"COL1A2",66.6666666666667,0
"COL4A1",0,0
"COL5A1",0,0
"CTGF",66.6666666666667,33.3333333333333
"DCN",0,0
"EGR2",33.3333333333333,0
"ELN",100,0
"ENG",33.3333333333333,0
"ETS1",0,0
"FBLN1",66.6666666666667,0
"FBN1",66.6666666666667,0
"FGF2",66.6666666666667,33.3333333333333
"FN1",0,66.6666666666667
"GADD45B",0,0
"GUSB",0,0
"HAS2",0,0
"ID1",0,0
"IL6",0,0
"ITGA1",0,0
"ITGA2",0,0
"JUN",0,0
"JUNB",0,0
"LARP6",0,33.3333333333333
"LOXL1",33.3333333333333,0
"LOXL2",33.3333333333333,0
"LTBP2",66.6666666666667,0
"MMP1",66.6666666666667,66.6666666666667
"MMP13",0,0
"MMP14",0,0
"MMP2",0,33.3333333333333
"NOX4",66.6666666666667,0
"PDGFA",0,0
"PMEPA1",33.3333333333333,0
"PPIA",0,0
"PPP3CA",0,0
"PSMD14",0,0
"PTEN",0,0
"RARA",0,0
"RARG",33.3333333333333,0
"RHOB",0,33.3333333333333
"SERPINE1",33.3333333333333,33.3333333333333
"SERPINE2",0,66.6666666666667
"SKI",0,0
"SKIL",0,0
"SMAD3",66.6666666666667,0
"SMAD7",0,0
"SPARC",66.6666666666667,0
"TGFB1",0,0
"TGFBR1",66.6666666666667,0
"TGFBR2",33.3333333333333,0
"THBS1",66.6666666666667,0
"THBS2",66.6666666666667,33.3333333333333
"TIMP1",66.6666666666667,66.6666666666667
"TIMP3",66.6666666666667,0
"TP53BP1",0,0
"VCAN",0,0
"VEGFA",0,0
"VIM",0,0
